CustomerID,FirstName,Last_Name,email,DateOfBirth,CityID
1,Philly,Tuckett,ptuckett0@pbs.org,7/16/1981,1
2,Amie,Hillock,ahillock1@surveymonkey.com,5/10/1987,4
3,Flore,Rizzo,frizzo2@skype.com,9/6/1980,3
4,Kimberli,Yewdale,kyewdale3@mtv.com,7/19/1998,2
5,Sonya,Gallanders,sgallanders4@blogspot.com,1/8/1981,1
6,Katleen,Chipp,kchipp5@intel.com,4/1/1995,5
7,Linette,Gerrard,lgerrard6@typepad.com,8/4/2005,5
8,Tynan,Ofener,tofener7@issuu.com,7/2/1998,3
9,Junette,Thamelt,jthamelt8@oakley.com,2/21/1985,4
10,Maible,Airton,mairton9@discuz.net,2/15/1996,1
11,Corey,Mattheissen,cmattheissena@photobucket.com,12/24/1995,4
12,Freedman,Conkay,fconkayb@buzzfeed.com,1/2/1987,2
13,Ashly,Hungerford,ahungerfordc@amazon.com,11/20/1991,5
14,Bartlett,Klein,bkleind@hao123.com,3/24/2003,3
15,Christiana,Jago,cjagoe@engadget.com,4/15/1991,2
16,Stevana,Kaplan,skaplanf@usnews.com,4/21/1990,5
17,Rosaleen,Hawgood,rhawgoodg@shutterfly.com,10/12/2005,4
18,Sallyanne,Kettlewell,skettlewellh@bbb.org,10/14/1988,4
19,Kurt,Arboine,karboinei@printfriendly.com,9/7/1998,5
20,Genevra,Zuppa,gzuppaj@patch.com,12/30/1986,2
21,Emogene,Scotford,escotfordk@imgur.com,8/26/1990,3
22,Rurik,De'Ath,rdeathl@omniture.com,7/24/2000,3
23,Ky,Van Dale,kvandalem@economist.com,9/18/1988,4
24,Janot,Picken,jpickenn@bloomberg.com,8/16/1998,3
25,Benni,Velareal,bvelarealo@addtoany.com,9/20/1993,4
26,Rayshell,Venning,rvenningp@vinaora.com,5/6/1976,1
27,Parry,Losemann,plosemannq@1und1.de,1/10/1978,2
28,Randie,Tarrier,rtarrierr@mediafire.com,2/27/2002,3
29,Brandy,Dyke,bdykes@buzzfeed.com,10/13/1989,3
30,Leo,Coronado,lcoronadot@goodreads.com,10/3/1977,1
31,Belva,Furlong,bfurlongu@e-recht24.de,1/10/1978,5
32,Madlen,Corstorphine,mcorstorphinev@wordpress.org,6/3/1987,5
33,Lyon,Secretan,lsecretanw@admin.ch,7/9/1993,1
34,Rhodie,Matushenko,rmatushenkox@smh.com.au,10/17/2005,1
35,Helsa,O' Markey,homarkeyy@bloglines.com,10/27/1993,5
36,Terencio,Arnfield,tarnfieldz@bbc.co.uk,4/30/1998,2
37,Alexio,Tortoise,atortoise10@shutterfly.com,11/22/2000,4
38,Nanni,Hawley,nhawley11@taobao.com,12/9/1987,3
39,Julio,Deavin,jdeavin12@fda.gov,3/31/2004,3
40,Aline,East,aeast13@arstechnica.com,4/15/1997,3
41,Crissie,Burchatt,cburchatt14@mozilla.org,3/22/2003,4
42,Elaine,Dumberrill,edumberrill15@wordpress.com,5/11/1994,4
43,Dilly,Selliman,dselliman16@usa.gov,11/16/1993,4
44,Maximo,Boffey,mboffey17@google.es,5/11/1989,2
45,Erinn,Maybery,emaybery18@pbs.org,8/9/2001,3
46,Drew,Mattioni,dmattioni19@java.com,9/4/1999,5
47,Richmound,Michelle,rmichelle1a@yelp.com,11/13/1982,1
48,Alleyn,Taile,ataile1b@ning.com,4/15/1994,2
49,Templeton,Norton,tnorton1c@symantec.com,6/13/1992,3
50,Rossie,MacTrustey,rmactrustey1d@imdb.com,9/13/2005,1
51,Kristos,Beatty,kbeatty1e@shop-pro.jp,3/13/1988,1
52,Tallia,Headan,theadan1f@creativecommons.org,9/13/1984,5
53,Clayborn,Bellinger,cbellinger1g@etsy.com,8/20/2001,4
54,Algernon,Allin,aallin1h@vkontakte.ru,6/14/1998,1
55,Gypsy,McGrorty,gmcgrorty1i@nbcnews.com,2/1/1985,4
56,Alano,Delacroix,adelacroix1j@nasa.gov,11/10/1982,2
57,Ola,Extance,oextance1k@princeton.edu,4/5/1982,4
58,Maurine,Treadgold,mtreadgold1l@dailymotion.com,9/12/1976,2
59,Sholom,O'Criane,socriane1m@businessweek.com,2/6/1982,5
60,Erek,Caller,ecaller1n@dot.gov,3/10/1996,2
61,Danila,Denerley,ddenerley1o@woothemes.com,6/1/1995,4
62,Janina,MacIlhagga,jmacilhagga1p@nature.com,5/20/1994,1
63,Maggie,Mosconi,mmosconi1q@ucsd.edu,6/25/2004,3
64,Yancy,Velez,yvelez1r@devhub.com,4/11/1999,3
65,Lacey,Laslett,llaslett1s@nba.com,12/19/1995,5
66,Dionysus,Alderton,dalderton1t@globo.com,4/14/1997,3
67,Derek,Catto,dcatto1u@imgur.com,11/25/1991,5
68,Ingar,Isack,iisack1v@cloudflare.com,2/23/1993,3
69,Kathi,Espina,kespina1w@usatoday.com,3/26/1987,1
70,Alaster,Okenfold,aokenfold1x@homestead.com,11/19/2005,1
71,Janel,Arnault,jarnault1y@blinklist.com,7/29/1990,2
72,Cart,O' Mara,comara1z@nytimes.com,1/21/1977,2
73,Janie,Litster,jlitster20@nsw.gov.au,11/27/1984,2
74,Claudianus,Peterffy,cpeterffy21@tumblr.com,4/4/1987,3
75,Raffarty,Hurren,rhurren22@taobao.com,8/20/2004,3
76,Conni,Byne,cbyne23@about.com,4/4/1988,4
77,Wit,Shortt,wshortt24@icq.com,5/12/2001,3
78,Frankie,Gilhool,fgilhool25@google.ca,1/10/1979,3
79,Ayn,Izhaky,aizhaky26@github.com,4/29/1984,2
80,Chucho,Mc Cahey,cmccahey27@smugmug.com,6/6/2003,5
81,Ira,Giabucci,igiabucci28@shutterfly.com,1/8/1980,5
82,Emmanuel,Danilenko,edanilenko29@a8.net,11/29/2005,3
83,Craggy,Dowsey,cdowsey2a@edublogs.org,12/8/1981,3
84,Jodi,Bretland,jbretland2b@sphinn.com,8/31/2002,5
85,Weider,Da Costa,wdacosta2c@cnet.com,10/12/1997,4
86,Conny,Gian,cgian2d@patch.com,9/17/2004,5
87,Lona,Kornyakov,lkornyakov2e@soundcloud.com,2/26/1983,1
88,Harmon,Bridewell,hbridewell2f@smh.com.au,9/9/1995,2
89,Isis,Milnes,imilnes2g@eventbrite.com,3/2/1980,2
90,Cele,Karlik,ckarlik2h@sun.com,8/23/1985,3
91,Kimberly,Vasilenko,kvasilenko2i@reverbnation.com,4/3/2005,1
92,Penelopa,Cruz,pcruz2j@naver.com,5/18/2003,3
93,Zia,McCleary,zmccleary2k@fda.gov,1/12/2001,5
94,Neila,Seathwright,nseathwright2l@booking.com,4/15/2002,2
95,Halie,Searl,hsearl2m@ask.com,8/13/1980,5
96,Gina,Michelotti,gmichelotti2n@whitehouse.gov,5/18/1984,1
97,Olin,Baskwell,obaskwell2o@smugmug.com,11/1/1985,2
98,Benny,Cayser,bcayser2p@army.mil,7/5/1995,4
99,Jeanne,Curnokk,jcurnokk2q@networksolutions.com,5/10/1992,3
100,Balduin,Lodewick,blodewick2r@rambler.ru,8/5/1989,2
101,Jennine,Greggs,jgreggs2s@trellian.com,10/10/2005,3
102,Roderigo,Hollington,rhollington2t@wiley.com,7/22/1992,2
103,Gabriello,Cokly,gcokly2u@webs.com,7/7/2002,5
104,Isaiah,Fishwick,ifishwick2v@webeden.co.uk,10/12/1999,5
105,Amerigo,Einchcombe,aeinchcombe2w@icio.us,6/10/1999,5
106,Allie,Keig,akeig2x@phoca.cz,10/7/1988,4
107,Chaddie,Branford,cbranford2y@live.com,5/30/1990,1
108,Maryjo,Hartley,mhartley2z@networksolutions.com,10/30/1996,1
109,Robinet,Ioannou,rioannou30@cdbaby.com,12/23/1979,5
110,Roberta,Loughlin,rloughlin31@rakuten.co.jp,5/3/1987,4
111,Aleta,Ambrogelli,aambrogelli32@163.com,12/15/1996,2
112,Ethelred,Hillan,ehillan33@rakuten.co.jp,2/22/2003,2
113,Matt,Romanetti,mromanetti34@wikimedia.org,1/22/1995,2
114,Hunt,Pearne,hpearne35@guardian.co.uk,2/7/1983,4
115,Nadya,Smeal,nsmeal36@kickstarter.com,10/6/1995,3
116,Port,Gribbell,pgribbell37@buzzfeed.com,12/26/2003,4
117,Mirella,Drewson,mdrewson38@usgs.gov,9/25/1997,3
118,Lynea,Garie,lgarie39@businessinsider.com,3/7/2003,1
119,Elene,Rucklesse,erucklesse3a@t.co,3/21/1985,3
120,Alwyn,Bennett,abennett3b@ow.ly,2/23/2003,4
121,Jobey,Clemett,jclemett3c@creativecommons.org,2/3/1990,4
122,Robby,Jaan,rjaan3d@ebay.com,12/30/1979,1
123,Amara,Durrad,adurrad3e@rambler.ru,9/28/1981,1
124,Shawn,O'Kelly,sokelly3f@senate.gov,9/15/1998,5
125,Emmi,Crimp,ecrimp3g@diigo.com,5/19/1981,3
126,Florry,Teager,fteager3h@clickbank.net,7/23/1980,5
127,Karine,Ennever,kennever3i@liveinternet.ru,11/7/1982,1
128,Gerhard,Domnin,gdomnin3j@biglobe.ne.jp,3/31/1987,5
129,Beatrice,Rayman,brayman3k@ucoz.com,7/29/1998,4
130,Elias,Jordan,ejordan3l@opensource.org,1/25/2003,1
131,Kaia,Pierro,kpierro3m@hibu.com,9/10/1996,3
132,Ellswerth,Jump,ejump3n@dropbox.com,5/7/1978,2
133,Sharron,Brasse,sbrasse3o@digg.com,1/16/1993,5
134,Rube,Varvell,rvarvell3p@over-blog.com,11/19/1977,5
135,Josh,Frensch,jfrensch3q@desdev.cn,6/28/1979,3
136,Nada,Zold,nzold3r@independent.co.uk,11/19/1999,4
137,Tobie,Hierro,thierro3s@rakuten.co.jp,11/4/2004,3
138,Anetta,Secombe,asecombe3t@craigslist.org,9/24/1991,5
139,Alanah,Jann,ajann3u@i2i.jp,4/26/1987,3
140,Chloette,Djokovic,cdjokovic3v@vk.com,10/23/1979,3
141,Garwood,Human,ghuman3w@netlog.com,4/10/1990,1
142,Jacobo,Bedborough,jbedborough3x@va.gov,8/13/1986,5
143,Rudiger,Spong,rspong3y@cocolog-nifty.com,3/2/1977,5
144,Fanya,Sutherington,fsutherington3z@wired.com,1/5/2001,3
145,Odella,Sainteau,osainteau40@dedecms.com,10/18/1998,1
146,Rolfe,Sheavills,rsheavills41@msu.edu,7/13/1978,2
147,Penelope,Linzey,plinzey42@skype.com,11/21/1984,1
148,Immanuel,Dixcey,idixcey43@stumbleupon.com,10/13/2001,5
149,Carie,Depke,cdepke44@uiuc.edu,5/9/2003,5
150,Ondrea,Ramm,oramm45@soundcloud.com,4/23/1985,2
151,Jo,Rylstone,jrylstone46@privacy.gov.au,8/30/1993,1
152,Amby,Shelford,ashelford47@networkadvertising.org,12/18/1983,3
153,Grady,Sutton,gsutton48@cbslocal.com,8/6/1995,2
154,Phillis,Maltster,pmaltster49@storify.com,2/8/1990,3
155,Coretta,Matuska,cmatuska4a@amazon.de,3/31/1991,4
156,Faye,Corpes,fcorpes4b@wp.com,1/16/1993,3
157,Euphemia,Harker,eharker4c@msn.com,12/23/2002,4
158,Dee dee,Legen,dlegen4d@addthis.com,5/28/1979,4
159,Laney,Biernacki,lbiernacki4e@va.gov,12/31/1978,5
160,Andie,Dishman,adishman4f@go.com,7/13/1980,1
161,Riki,Barling,rbarling4g@xing.com,9/7/1978,1
162,Etheline,Faichney,efaichney4h@dot.gov,5/24/2005,2
163,Bertie,Franke,bfranke4i@admin.ch,12/21/1981,4
164,Ermengarde,Hollington,ehollington4j@tripod.com,5/21/1992,1
165,Cornela,Christy,cchristy4k@360.cn,11/14/1992,5
166,Alisa,Delafoy,adelafoy4l@google.ca,5/20/1988,1
167,Bruno,Conaghy,bconaghy4m@cargocollective.com,3/26/1999,2
168,Carolina,O'Murtagh,comurtagh4n@acquirethisname.com,11/19/1979,5
169,Burke,Lipgens,blipgens4o@wsj.com,10/10/1992,3
170,Alley,Surfleet,asurfleet4p@jalbum.net,3/25/1976,5
171,Lois,Shedd,lshedd4q@upenn.edu,7/26/1988,3
172,Collin,Dome,cdome4r@guardian.co.uk,2/5/1994,2
173,Oby,Lanahan,olanahan4s@bbb.org,3/22/1990,2
174,Lek,Corah,lcorah4t@macromedia.com,3/23/1990,2
175,Booth,Allner,ballner4u@foxnews.com,10/11/2004,1
176,Aggie,Scroyton,ascroyton4v@cbslocal.com,1/3/1990,4
177,Tatum,Liversidge,tliversidge4w@dyndns.org,12/15/1997,1
178,Jdavie,Scarffe,jscarffe4x@fema.gov,5/26/1989,4
179,Dael,Sames,dsames4y@so-net.ne.jp,4/17/1980,4
180,Steffie,Aiken,saiken4z@oakley.com,5/15/1988,1
181,Kessia,Jessel,kjessel50@epa.gov,2/22/1997,2
182,Doralyn,Belfrage,dbelfrage51@ucoz.com,9/6/1983,1
183,Nefen,Wooder,nwooder52@usgs.gov,4/16/1985,5
184,Selinda,McWaters,smcwaters53@phpbb.com,9/13/1978,3
185,Kalina,Skellon,kskellon54@amazon.co.jp,9/5/1985,3
186,Lothario,Scole,lscole55@mozilla.com,7/7/1998,3
187,Alyda,Windaybank,awindaybank56@instagram.com,4/19/1994,4
188,Wenonah,Maillard,wmaillard57@tuttocitta.it,8/27/1992,3
189,Tades,Roslen,troslen58@cisco.com,12/16/1999,3
190,Yovonnda,Labbett,ylabbett59@twitpic.com,1/16/1982,4
191,Andriana,Tunnah,atunnah5a@eepurl.com,5/27/1992,2
192,Korella,Herrero,kherrero5b@qq.com,4/14/2003,2
193,Lissi,Dobby,ldobby5c@comcast.net,2/1/1981,2
194,Niki,O'Halloran,nohalloran5d@google.cn,10/30/1991,3
195,Gilda,Mountjoy,gmountjoy5e@cdc.gov,7/28/1980,3
196,Chester,Truelock,ctruelock5f@google.fr,12/25/2003,4
197,Erhard,Huff,ehuff5g@state.gov,4/21/1997,2
198,Pablo,Puddicombe,ppuddicombe5h@fotki.com,8/9/1977,4
199,Winny,Stathor,wstathor5i@mac.com,9/1/1979,4
200,Zedekiah,Aitken,zaitken5j@xing.com,9/29/1992,5
201,Evangelia,Grzelak,egrzelak5k@newyorker.com,12/26/1981,2
202,Geraldine,Kibard,gkibard5l@taobao.com,5/26/1997,3
203,Town,McDermot,tmcdermot5m@apache.org,1/29/1978,4
204,Dorie,McFie,dmcfie5n@diigo.com,8/21/1990,1
205,Lisette,Paskins,lpaskins5o@bloglines.com,5/20/1997,1
206,Joelie,Bader,jbader5p@cocolog-nifty.com,6/9/1991,3
207,Gerri,Bernhardt,gbernhardt5q@biblegateway.com,11/6/1984,5
208,Catherine,Rochester,crochester5r@businesswire.com,1/1/2002,5
209,Lanette,Dadds,ldadds5s@youku.com,4/29/1993,3
210,Filmore,Dugood,fdugood5t@qq.com,8/15/1978,2
211,Packston,Looker,plooker5u@mayoclinic.com,11/18/1995,3
212,Sebastiano,Crumby,scrumby5v@so-net.ne.jp,4/11/1979,5
213,William,Stonbridge,wstonbridge5w@bizjournals.com,8/26/1979,2
214,Julio,Monini,jmonini5x@sphinn.com,10/22/2003,5
215,Rudd,Andrews,randrews5y@jiathis.com,10/5/1997,4
216,Jeremiah,Adkin,jadkin5z@goo.gl,11/19/1998,2
217,Jae,Eltune,jeltune60@pinterest.com,7/1/1986,1
218,Kaitlynn,Jeffels,kjeffels61@gmpg.org,10/5/1995,4
219,Gertrudis,Muzzini,gmuzzini62@cnn.com,1/18/1998,4
220,Kirbee,Procter,kprocter63@altervista.org,1/5/1995,4
221,Jonathan,Chanter,jchanter64@bing.com,10/6/1996,4
222,Lesley,Lissandre,llissandre65@ning.com,10/19/2004,1
223,Tracie,Zack,tzack66@tamu.edu,3/3/1992,2
224,Emylee,Middlemiss,emiddlemiss67@tuttocitta.it,10/31/2003,4
225,Joseph,Giovannetti,jgiovannetti68@squidoo.com,12/7/1988,2
226,Ezekiel,Jerrans,ejerrans69@twitpic.com,8/7/2002,2
227,Bette-ann,Manolov,bmanolov6a@ebay.com,2/28/1978,5
228,Paulie,Guidelli,pguidelli6b@blinklist.com,3/4/1982,4
229,Weber,Bollis,wbollis6c@cbsnews.com,8/24/1990,3
230,Hy,Mahaddie,hmahaddie6d@tinypic.com,7/27/1995,2
231,Cheston,Belhome,cbelhome6e@narod.ru,7/21/1996,3
232,Iain,Thornton,ithornton6f@fc2.com,8/23/1976,1
233,Rodolph,Derye-Barrett,rderyebarrett6g@deviantart.com,6/7/1976,4
234,Isidore,Iremonger,iiremonger6h@vkontakte.ru,3/15/1990,3
235,Waldo,Ensley,wensley6i@sphinn.com,12/4/1984,4
236,Carter,Kitman,ckitman6j@nsw.gov.au,8/3/1986,5
237,Nicolai,Pickles,npickles6k@cmu.edu,3/30/1980,5
238,Beale,Give,bgive6l@ameblo.jp,1/30/1990,2
239,Terrell,Izkovitch,tizkovitch6m@webnode.com,5/10/1987,4
240,Avery,Kinnock,akinnock6n@cbc.ca,1/15/1984,4
241,Markus,Cranna,mcranna6o@scribd.com,6/12/1989,3
242,Agace,Georgievski,ageorgievski6p@is.gd,5/27/2002,2
243,Meagan,Asbury,masbury6q@skyrock.com,10/17/1990,1
244,Lay,Cadman,lcadman6r@delicious.com,12/31/1989,2
245,Jess,De Leek,jdeleek6s@rakuten.co.jp,12/12/1989,4
246,Tiphani,Meharg,tmeharg6t@cbc.ca,8/22/2002,2
247,Valentijn,Corn,vcorn6u@china.com.cn,6/22/2002,5
248,Ashby,Macellar,amacellar6v@sciencedirect.com,6/28/1990,1
249,Mickey,Fishbourn,mfishbourn6w@hao123.com,2/10/2000,2
250,Kerk,Sherrock,ksherrock6x@shinystat.com,1/5/1987,5
251,Esteban,Pessold,epessold6y@gmpg.org,3/4/1987,1
252,Nadeen,Esp,nesp6z@wikipedia.org,10/31/1987,5
253,Ruddy,Stockill,rstockill70@upenn.edu,4/6/1987,4
254,Charlena,Huet,chuet71@livejournal.com,1/24/1995,3
255,Corrinne,McCrossan,cmccrossan72@eventbrite.com,12/18/2004,1
256,Keith,Drewet,kdrewet73@home.pl,3/6/2000,1
257,Katharina,Lace,klace74@mac.com,8/27/1980,5
258,Bonnie,Bratchell,bbratchell75@cocolog-nifty.com,5/10/1994,4
259,Melonie,Catt,mcatt76@go.com,6/22/1982,1
260,Kimbra,Coushe,kcoushe77@thetimes.co.uk,9/23/1991,3
261,Mada,Janoch,mjanoch78@nationalgeographic.com,9/3/1988,1
262,Chanda,Bealton,cbealton79@miitbeian.gov.cn,11/29/1983,5
263,Glenn,Poznanski,gpoznanski7a@trellian.com,1/4/2005,2
264,Perceval,Corsham,pcorsham7b@eepurl.com,12/29/1989,3
265,Andreas,Gergus,agergus7c@ted.com,3/17/1996,3
266,Ginger,Tace,gtace7d@alexa.com,8/25/2002,5
267,Monika,Scarrisbrick,mscarrisbrick7e@adobe.com,6/25/2004,4
268,Faustina,Maylott,fmaylott7f@npr.org,11/10/1992,1
269,Tallou,Kwiek,tkwiek7g@businessweek.com,12/16/1992,1
270,Laure,Ell,lell7h@hexun.com,12/31/1985,1
271,Rossie,Turbefield,rturbefield7i@columbia.edu,10/20/2001,2
272,Brice,Bohje,bbohje7j@nyu.edu,4/8/1987,2
273,Elsa,Ateridge,eateridge7k@columbia.edu,5/31/1987,1
274,Leigh,Roseburgh,lroseburgh7l@ucoz.com,10/3/1987,1
275,Abner,Neasam,aneasam7m@loc.gov,7/9/1976,3
276,Molly,Apperley,mapperley7n@so-net.ne.jp,5/4/1992,2
277,Rolando,Mennithorp,rmennithorp7o@soundcloud.com,9/5/1985,5
278,Tim,Dallimare,tdallimare7p@wsj.com,10/28/1990,5
279,Cherilyn,Berthomieu,cberthomieu7q@hhs.gov,6/27/2004,4
280,Karilynn,Deelay,kdeelay7r@state.gov,11/23/1987,2
281,Ashlen,Keywood,akeywood7s@goodreads.com,7/1/1989,3
282,Kingston,Alwood,kalwood7t@google.cn,8/14/1995,4
283,Stillmann,Rostern,srostern7u@amazon.com,2/25/1991,1
284,Carlos,Fullerd,cfullerd7v@marketwatch.com,4/29/1982,3
285,Garland,Rubenovic,grubenovic7w@printfriendly.com,2/26/1979,4
286,Nanci,Innocenti,ninnocenti7x@networkadvertising.org,8/24/1993,1
287,Clotilda,Rennix,crennix7y@craigslist.org,6/1/1998,2
288,Clarey,Beyne,cbeyne7z@wikipedia.org,7/17/1981,1
289,Charlot,Howler,chowler80@clickbank.net,3/31/1994,1
290,Adria,Vannah,avannah81@arstechnica.com,8/24/2003,1
291,Tiff,Baiden,tbaiden82@bing.com,4/6/1979,3
292,Antony,Deboo,adeboo83@vistaprint.com,3/29/2002,4
293,Bryana,Lawlie,blawlie84@shinystat.com,8/3/1988,3
294,Melloney,Hearson,mhearson85@theguardian.com,4/17/1988,3
295,Lona,Coey,lcoey86@jugem.jp,8/9/1976,2
296,Terri,Lillecrap,tlillecrap87@comsenz.com,12/10/1996,4
297,Henriette,Triebner,htriebner88@topsy.com,11/5/1987,3
298,Candide,Trimnell,ctrimnell89@plala.or.jp,7/12/1983,2
299,Benetta,De Malchar,bdemalchar8a@posterous.com,1/23/1989,5
300,Brien,Sunderland,bsunderland8b@nhs.uk,9/20/1988,3
301,Janka,McNae,jmcnae8c@istockphoto.com,3/8/1982,1
302,Aloysius,Want,awant8d@ucla.edu,2/1/1989,5
303,Farly,Kingsmill,fkingsmill8e@msu.edu,2/11/2000,3
304,Cheston,Bote,cbote8f@blogs.com,6/26/1986,2
305,Vivia,Harner,vharner8g@chronoengine.com,10/19/1997,3
306,Lenore,Matzeitis,lmatzeitis8h@wix.com,7/26/1978,1
307,Jilli,Gambie,jgambie8i@state.gov,10/7/1996,2
308,Faunie,Jeram,fjeram8j@addtoany.com,9/26/1997,4
309,Sigismundo,McKirdy,smckirdy8k@amazon.de,7/22/1977,4
310,Murdock,Mansell,mmansell8l@rakuten.co.jp,1/2/1981,5
311,Ingeberg,Macieiczyk,imacieiczyk8m@bizjournals.com,11/15/1992,4
312,Saunderson,Groomebridge,sgroomebridge8n@seattletimes.com,2/27/1994,3
313,Arturo,Davidsen,adavidsen8o@woothemes.com,11/4/1988,4
314,Nicky,Spikeings,nspikeings8p@pen.io,10/30/1987,2
315,Valentijn,Gockelen,vgockelen8q@seattletimes.com,7/20/1978,3
316,Tobey,Lassetter,tlassetter8r@digg.com,2/11/1981,1
317,Tamar,Rowler,trowler8s@dot.gov,3/25/1988,3
318,Gualterio,Tutill,gtutill8t@naver.com,4/17/1990,5
319,Kit,Rounsivall,krounsivall8u@arstechnica.com,6/29/1994,1
320,Catlin,Stollery,cstollery8v@army.mil,9/27/2004,1
321,Marcela,Styan,mstyan8w@a8.net,5/28/1977,5
322,Abeu,Hue,ahue8x@seattletimes.com,10/3/2000,4
323,Curtis,Arkow,carkow8y@godaddy.com,7/11/2004,1
324,Conn,Antoniat,cantoniat8z@wordpress.org,4/5/2001,5
325,Dennison,Walton,dwalton90@walmart.com,6/30/1995,4
326,Daniela,Billison,dbillison91@devhub.com,3/27/1997,3
327,Cicely,Vasyaev,cvasyaev92@bloglines.com,4/7/2001,5
328,Amalia,Palia,apalia93@utexas.edu,8/9/2005,2
329,Giorgi,Issakov,gissakov94@bbb.org,4/18/1979,5
330,Sterling,Yanuk,syanuk95@ebay.co.uk,9/14/2002,3
331,Enrica,Kinrade,ekinrade96@skype.com,1/30/1990,4
332,Tildy,Grzelczyk,tgrzelczyk97@bloglines.com,2/6/2001,2
333,Rudyard,Tothacot,rtothacot98@army.mil,1/31/1998,3
334,Leigh,Cockhill,lcockhill99@smugmug.com,9/22/2001,1
335,Alick,Bailey,abailey9a@engadget.com,11/19/1981,5
336,Alphonse,Aps,aaps9b@ocn.ne.jp,10/30/1978,3
337,Forester,Kalderon,fkalderon9c@netscape.com,8/30/2003,3
338,Amber,Belfit,abelfit9d@mac.com,8/3/2004,1
339,Nicol,Bridel,nbridel9e@nih.gov,12/18/1986,5
340,Prince,Pinor,ppinor9f@sciencedaily.com,8/14/1995,1
341,Vivianne,Duiguid,vduiguid9g@ocn.ne.jp,2/27/1983,3
342,Foster,Doig,fdoig9h@creativecommons.org,4/16/2004,5
343,Tova,Airth,tairth9i@storify.com,4/14/2000,3
344,Winifred,Deehan,wdeehan9j@free.fr,11/27/1983,4
345,Pierre,Zannini,pzannini9k@cyberchimps.com,3/15/1981,3
346,Job,MacPhee,jmacphee9l@trellian.com,2/13/1993,2
347,Harriette,Trow,htrow9m@prlog.org,2/18/1990,4
348,Stormi,McVeigh,smcveigh9n@nsw.gov.au,2/18/2002,2
349,Victoir,Ginsie,vginsie9o@nba.com,2/1/1998,4
350,Clyde,Bumphries,cbumphries9p@spiegel.de,1/9/1995,2
351,Kendall,Ivanisov,kivanisov9q@xinhuanet.com,11/24/1996,2
352,Demeter,Pizzie,dpizzie9r@slashdot.org,10/2/2003,4
353,Germana,Sponton,gsponton9s@msu.edu,4/30/2000,3
354,Berti,Cornilleau,bcornilleau9t@google.com.br,2/19/1993,3
355,Mellicent,Haselup,mhaselup9u@tmall.com,4/25/2005,3
356,Rowney,Lethieulier,rlethieulier9v@drupal.org,5/14/1980,5
357,Ernestine,Yankeev,eyankeev9w@t.co,11/21/1979,1
358,Drusi,Tryhorn,dtryhorn9x@wordpress.org,1/16/1983,5
359,Jessey,Merfin,jmerfin9y@people.com.cn,1/23/1978,3
360,Herschel,Manwaring,hmanwaring9z@soup.io,2/12/2002,5
361,Jenine,Surgeoner,jsurgeonera0@github.com,7/27/2002,5
362,Robinet,Scandwright,rscandwrighta1@squarespace.com,10/20/1982,5
363,Cynthie,Searjeant,csearjeanta2@earthlink.net,5/2/1981,1
364,Demetrius,Antoney,dantoneya3@state.tx.us,7/30/1996,5
365,Fancy,Wiburn,fwiburna4@zdnet.com,9/13/2003,5
366,Kearney,Gyorgy,kgyorgya5@barnesandnoble.com,9/22/1995,3
367,Selby,Lovett,slovetta6@sphinn.com,5/12/1986,2
368,Harp,Strick,hstricka7@xing.com,12/23/1977,1
369,Lyndy,Levine,llevinea8@cornell.edu,4/14/1976,2
370,Hildy,Kinghorn,hkinghorna9@cisco.com,5/30/2000,4
371,Quinta,Gethins,qgethinsaa@4shared.com,10/3/1999,1
372,Virginie,Ragles,vraglesab@ed.gov,11/2/1996,3
373,Garey,Petherick,gpetherickac@odnoklassniki.ru,8/26/1997,5
374,Lezlie,Targett,ltargettad@amazon.de,7/30/2001,2
375,Caleb,Kunzel,ckunzelae@amazon.co.jp,7/17/1978,2
376,Loutitia,Skermer,lskermeraf@hc360.com,5/24/1992,4
377,Jay,Ruprecht,jruprechtag@jugem.jp,2/6/1987,2
378,Jeremy,Quinane,jquinaneah@marketwatch.com,8/11/1982,2
379,Leoline,Eckels,leckelsai@bbb.org,11/14/1982,4
380,Haley,Walworth,hwalworthaj@ebay.co.uk,6/20/1999,4
381,Rena,Lazonby,rlazonbyak@berkeley.edu,9/13/1985,2
382,Darryl,Allardyce,dallardyceal@java.com,3/2/1981,3
383,Morris,Housiaux,mhousiauxam@pbs.org,5/17/1991,1
384,Yolanda,Siddell,ysiddellan@time.com,9/1/1976,4
385,Elladine,Luberti,elubertiao@indiatimes.com,4/2/2000,3
386,Davide,Aspall,daspallap@cmu.edu,9/22/1992,1
387,Collin,McGooch,cmcgoochaq@dropbox.com,9/3/1990,5
388,Alard,Bulcock,abulcockar@trellian.com,11/18/1997,4
389,Marcelo,Poolman,mpoolmanas@nih.gov,9/8/1992,1
390,Danya,Sherville,dshervilleat@tumblr.com,11/26/1992,3
391,Roberto,Melton,rmeltonau@theguardian.com,4/5/2001,1
392,Ned,Booty,nbootyav@java.com,4/23/1985,5
393,Teddy,Houtby,thoutbyaw@utexas.edu,11/21/1983,5
394,Ermina,Galego,egalegoax@multiply.com,12/23/1978,4
395,Barbara,Cavalier,bcavalieray@tumblr.com,7/31/2005,5
396,Leona,Yokel,lyokelaz@mediafire.com,11/13/1983,4
397,Arty,Tretwell,atretwellb0@google.pl,2/29/2000,1
398,Hewett,Braz,hbrazb1@smugmug.com,10/19/1994,1
399,Carver,O'Loughane,coloughaneb2@redcross.org,6/24/1987,2
400,Coletta,MacDearmaid,cmacdearmaidb3@gravatar.com,2/28/1987,5
401,Hansiain,Itzkovwich,hitzkovwichb4@is.gd,9/30/2003,4
402,Larina,Masseo,lmasseob5@skype.com,8/23/1984,1
403,Jenifer,Exroll,jexrollb6@friendfeed.com,8/20/1991,2
404,Harmony,Brideaux,hbrideauxb7@pagesperso-orange.fr,10/1/1985,1
405,Pauly,Sapseed,psapseedb8@blinklist.com,6/9/2000,1
406,Vernice,Litchmore,vlitchmoreb9@squidoo.com,5/7/1977,4
407,Aridatha,Dobrowlski,adobrowlskiba@dedecms.com,1/25/1986,3
408,Bathsheba,Joules,bjoulesbb@scribd.com,4/24/1992,3
409,Timmie,Gooch,tgoochbc@goo.ne.jp,6/1/1998,2
410,Aksel,Shaplin,ashaplinbd@usda.gov,3/12/2002,3
411,Lilla,Gave,lgavebe@weather.com,6/10/1991,1
412,Iormina,Skayman,iskaymanbf@cbslocal.com,4/30/1992,5
413,Ernesta,Petschelt,epetscheltbg@cocolog-nifty.com,12/5/1993,4
414,Dolores,Sturgess,dsturgessbh@globo.com,2/21/1988,1
415,Frannie,Raimbauld,fraimbauldbi@w3.org,4/29/1993,3
416,Rolph,Clough,rcloughbj@tiny.cc,7/10/1988,3
417,Ambros,Staff,astaffbk@cocolog-nifty.com,7/12/2003,4
418,Darn,Aluard,daluardbl@pbs.org,8/25/1992,3
419,Freddi,Jolly,fjollybm@phpbb.com,10/31/2005,4
420,Tybi,Willars,twillarsbn@nbcnews.com,7/21/2005,2
421,Ainslee,Fairburn,afairburnbo@accuweather.com,11/29/1988,2
422,Katuscha,Van Haeften,kvanhaeftenbp@netvibes.com,3/7/1981,1
423,Sharla,Garnul,sgarnulbq@parallels.com,9/7/1989,4
424,Tracey,Hartly,thartlybr@hao123.com,6/14/2002,1
425,Danita,Eberst,deberstbs@woothemes.com,12/17/1983,5
426,Petr,Sivorn,psivornbt@phpbb.com,6/18/2003,3
427,Staford,Louth,slouthbu@cnn.com,7/5/1990,3
428,Roxana,Beddows,rbeddowsbv@omniture.com,11/20/1994,2
429,Durante,Helsdon,dhelsdonbw@foxnews.com,12/24/1988,2
430,Bevon,Murrison,bmurrisonbx@dyndns.org,12/5/2000,5
431,Osborne,Hatfull,ohatfullby@wikimedia.org,11/15/1978,3
432,Chrystal,Botfield,cbotfieldbz@salon.com,10/8/1991,5
433,Melinda,Jeffray,mjeffrayc0@t-online.de,4/8/2001,3
434,Daphna,McCourtie,dmccourtiec1@weather.com,1/4/1976,1
435,Winnie,Ghest,wghestc2@taobao.com,10/16/1986,5
436,Cliff,Cunniffe,ccunniffec3@plala.or.jp,3/28/1991,5
437,Hermon,Newvell,hnewvellc4@phpbb.com,1/23/1989,2
438,Pren,Dearle-Palser,pdearlepalserc5@istockphoto.com,9/29/1996,1
439,Dante,Attride,dattridec6@a8.net,6/9/1999,5
440,Jedediah,Heningam,jheningamc7@yelp.com,1/3/1996,1
441,Mitzi,Kempster,mkempsterc8@fda.gov,5/9/1995,3
442,Sidonia,Snowdon,ssnowdonc9@squidoo.com,3/23/2003,2
443,Winthrop,Samart,wsamartca@blogspot.com,4/11/1990,1
444,Evvie,Dicken,edickencb@vimeo.com,6/21/1995,4
445,Tristam,Morican,tmoricancc@desdev.cn,3/4/1997,5
446,Concordia,Ruthen,cruthencd@wix.com,10/27/1997,1
447,Margarete,MacCaghan,mmaccaghance@qq.com,7/3/1998,3
448,Kalinda,Garnett,kgarnettcf@webnode.com,1/24/2005,1
449,Dorette,Sterke,dsterkecg@miitbeian.gov.cn,9/26/1987,3
450,Celene,Blasio,cblasioch@slate.com,6/13/1984,5
451,Wilmar,Meier,wmeierci@google.es,1/18/1982,4
452,Nellie,Scripture,nscripturecj@4shared.com,2/28/1978,5
453,Clemmie,Jereatt,cjereattck@google.de,5/31/1980,2
454,Stanford,Cordelette,scordelettecl@usda.gov,4/3/1997,4
455,Ediva,Padwick,epadwickcm@naver.com,3/11/1981,4
456,Noelle,Benns,nbennscn@cargocollective.com,1/8/2001,1
457,Milton,Roobottom,mroobottomco@ow.ly,4/21/1996,5
458,Damien,Corbert,dcorbertcp@comsenz.com,2/3/1999,3
459,Kalinda,Slimm,kslimmcq@springer.com,8/22/1993,1
460,Gwendolen,Bullon,gbulloncr@instagram.com,6/5/1999,4
461,Maude,Oak,moakcs@flavors.me,3/18/1986,5
462,Fanchon,Marion,fmarionct@wix.com,4/18/1991,2
463,Rosanne,Pryde,rprydecu@eepurl.com,9/1/2001,1
464,Geoff,Ciccetti,gciccetticv@rediff.com,8/15/1993,5
465,Constancia,Cranke,ccrankecw@flavors.me,8/20/1998,2
466,Laurianne,Loch,llochcx@moonfruit.com,5/23/1995,4
467,Giulio,Waddy,gwaddycy@booking.com,1/26/1988,4
468,Ritchie,Dealey,rdealeycz@theatlantic.com,5/1/1977,2
469,Ber,Goggins,bgogginsd0@sfgate.com,5/13/1980,1
470,Austine,Burde,aburded1@rediff.com,1/13/1983,1
471,Matias,Simenon,msimenond2@marriott.com,7/28/1995,5
472,Garrek,Sand,gsandd3@go.com,6/9/1995,3
473,Ara,Fairbourn,afairbournd4@cnet.com,2/15/2002,3
474,Gladi,Oxx,goxxd5@wufoo.com,9/16/1998,5
475,Rosamond,Doorey,rdooreyd6@domainmarket.com,7/3/2003,5
476,Saunder,Newbold,snewboldd7@nih.gov,8/16/2002,4
477,Lockwood,Seden,lsedend8@nydailynews.com,5/21/2005,3
478,Oralle,Bruinemann,obruinemannd9@statcounter.com,1/2/2005,1
479,Lucie,Corking,lcorkingda@soundcloud.com,3/2/1994,4
480,Karole,Enderby,kenderbydb@columbia.edu,4/16/1994,4
481,Leelah,Austin,laustindc@cafepress.com,8/13/1980,3
482,Stanford,Ackeroyd,sackeroyddd@theatlantic.com,8/27/1989,4
483,Hilda,Getcliff,hgetcliffde@sciencedaily.com,4/18/1989,4
484,Iris,Poacher,ipoacherdf@google.pl,12/7/1995,5
485,Felecia,Klehn,fklehndg@topsy.com,12/9/1994,2
486,Valentijn,Borrott,vborrottdh@nih.gov,7/30/1980,3
487,Auguste,Muck,amuckdi@artisteer.com,7/8/1991,4
488,Tadeas,Branno,tbrannodj@nbcnews.com,10/23/1988,3
489,Lauretta,Denty,ldentydk@cbsnews.com,2/8/1991,4
490,Margette,McVrone,mmcvronedl@wikipedia.org,9/24/1995,5
491,Vincents,De Gregoli,vdegregolidm@dion.ne.jp,7/22/1981,2
492,Maisie,Melpuss,mmelpussdn@bloglovin.com,12/31/1975,2
493,Philippa,Ryan,pryando@apache.org,8/17/1996,4
494,Vally,Murfin,vmurfindp@nifty.com,3/23/1984,5
495,Jeannette,Grishunin,jgrishunindq@cisco.com,9/4/1982,5
496,Otha,Roma,oromadr@seesaa.net,10/18/1992,1
497,Eliot,Worrell,eworrellds@yelp.com,10/20/1984,3
498,Buckie,Kildahl,bkildahldt@miitbeian.gov.cn,1/31/1986,2
499,Palm,Rennard,prennarddu@com.com,4/11/1978,1
500,Evangelin,Cyples,ecyplesdv@sourceforge.net,10/25/1991,4
501,Allegra,Pinyon,apinyondw@google.nl,12/10/1977,1
502,Junie,Pepineaux,jpepineauxdx@dion.ne.jp,11/12/1980,1
503,Sam,Northill,snorthilldy@ezinearticles.com,2/27/1999,4
504,Avrit,Zanetto,azanettodz@army.mil,2/21/1984,1
505,Bevan,Crocombe,bcrocombee0@wisc.edu,11/6/1981,5
506,Lorraine,Ridde,lriddee1@skyrock.com,1/12/1988,2
507,Billie,Anthoin,banthoine2@telegraph.co.uk,7/2/2002,5
508,Karee,Fontanet,kfontanete3@java.com,8/3/1982,2
509,Sheela,Geldeard,sgeldearde4@ustream.tv,7/13/1997,5
510,Teresita,Hundal,thundale5@google.co.jp,8/2/1997,3
511,Jorey,Ambrosoni,jambrosonie6@feedburner.com,10/17/1989,3
512,Karoly,Beaulieu,kbeaulieue7@unc.edu,7/20/1999,3
513,Ida,Anthon,ianthone8@is.gd,1/9/1998,4
514,Elvin,Fright,efrighte9@cocolog-nifty.com,4/17/2002,4
515,Thelma,O'Hickee,tohickeeea@economist.com,2/13/1999,1
516,Flynn,Airs,fairseb@jiathis.com,9/18/2002,2
517,Chip,Stonehewer,cstonehewerec@elpais.com,12/27/1987,3
518,Yorker,Schuelcke,yschuelckeed@woothemes.com,9/24/1986,2
519,Alleen,Itzcovichch,aitzcovichchee@salon.com,8/5/1989,2
520,Wyn,Kauble,wkaubleef@ocn.ne.jp,10/25/2005,1
521,Ailee,Yakebowitch,ayakebowitcheg@themeforest.net,3/18/2002,5
522,Nadean,Braidman,nbraidmaneh@cbc.ca,1/2/1996,1
523,Tanya,Brodest,tbrodestei@about.me,11/21/2003,4
524,Enid,Karpeev,ekarpeevej@blinklist.com,4/13/2003,4
525,Nari,Rive,nriveek@shutterfly.com,3/31/1989,4
526,Vivien,Filinkov,vfilinkovel@timesonline.co.uk,7/8/1979,4
527,Donetta,Thickens,dthickensem@scientificamerican.com,2/27/1982,5
528,Myriam,Reyne,mreyneen@about.me,7/19/2003,2
529,Galvin,Petroulis,gpetrouliseo@over-blog.com,2/27/2000,4
530,Federico,Strangeway,fstrangewayep@arizona.edu,5/5/1996,2
531,Townie,Gandy,tgandyeq@vkontakte.ru,1/2/1985,3
532,Levey,Longmore,llongmoreer@live.com,8/18/2003,5
533,Ree,Fearnside,rfearnsidees@dagondesign.com,4/15/1988,2
534,Rickie,Hyndes,rhyndeset@spotify.com,12/2/1982,4
535,Derwin,Hagergham,dhagerghameu@usda.gov,11/29/1994,2
536,Aura,Frankcom,afrankcomev@umn.edu,12/7/2000,3
537,Kali,Ingrem,kingremew@oakley.com,10/6/1984,5
538,Mozelle,Galpin,mgalpinex@php.net,12/30/2000,4
539,Dory,Bennit,dbennitey@gravatar.com,12/30/1997,4
540,Juliane,Maraga,jmaragaez@biglobe.ne.jp,5/22/1982,2
541,Emerson,Bushell,ebushellf0@barnesandnoble.com,7/28/1978,3
542,Gloria,Farnish,gfarnishf1@about.com,6/4/2003,3
543,Henrieta,Marks,hmarksf2@discuz.net,7/6/1978,3
544,Regan,Meldrum,rmeldrumf3@state.gov,5/27/1988,4
545,Inglis,Gurnett,igurnettf4@list-manage.com,1/6/2004,1
546,Neron,Ower,nowerf5@a8.net,11/24/1999,5
547,Sigmund,Lipprose,slipprosef6@nyu.edu,3/9/1987,2
548,Lynett,Farnill,lfarnillf7@hao123.com,6/8/1984,1
549,Cathe,Rawle,crawlef8@examiner.com,11/13/1998,1
550,Tucker,Wickenden,twickendenf9@china.com.cn,8/7/1981,5
551,Tandie,Castella,tcastellafa@home.pl,10/13/1998,2
552,Balduin,Huggons,bhuggonsfb@wikimedia.org,7/19/2004,2
553,Willamina,Barnfield,wbarnfieldfc@dropbox.com,8/21/1987,5
554,Tina,Best,tbestfd@ehow.com,4/30/1989,1
555,Orsa,Foulkes,ofoulkesfe@google.com.hk,12/27/1982,3
556,Stepha,Wilse,swilseff@utexas.edu,8/31/1979,4
557,Ethelda,Denton,edentonfg@over-blog.com,3/22/1999,2
558,Moina,Brumby,mbrumbyfh@studiopress.com,11/11/2005,3
559,Loralyn,Forsbey,lforsbeyfi@sogou.com,9/28/1980,2
560,Austin,Caffery,acafferyfj@prnewswire.com,5/14/1991,5
561,Lulita,Dallicoat,ldallicoatfk@state.gov,8/14/2000,5
562,Bentley,O'Canavan,bocanavanfl@boston.com,10/8/1982,5
563,Patti,Richarz,pricharzfm@thetimes.co.uk,11/16/1976,1
564,Kaylil,Smetoun,ksmetounfn@typepad.com,8/24/2004,2
565,Montgomery,Marvell,mmarvellfo@oakley.com,1/31/1996,1
566,Kirbie,Corkan,kcorkanfp@icq.com,7/22/1999,1
567,Damiano,Iannuzzi,diannuzzifq@go.com,8/28/1978,3
568,Florentia,Sapey,fsapeyfr@i2i.jp,1/8/1980,1
569,Lindsey,Kraft,lkraftfs@go.com,5/15/1999,3
570,Ransell,Whymark,rwhymarkft@alibaba.com,5/19/1993,1
571,Iona,Casero,icaserofu@prnewswire.com,12/8/2004,5
572,Jacklin,Birds,jbirdsfv@samsung.com,1/14/2001,5
573,Michele,Stopford,mstopfordfw@disqus.com,12/22/1991,4
574,Harley,Minor,hminorfx@printfriendly.com,2/3/1991,3
575,Thomas,Cage,tcagefy@reverbnation.com,5/23/1985,2
576,Marcella,Honack,mhonackfz@aboutads.info,8/22/1979,2
577,Belvia,Blakeborough,bblakeboroughg0@com.com,7/17/1989,3
578,Abelard,Friman,afrimang1@sogou.com,12/22/1983,4
579,Elysee,Chicotti,echicottig2@businessweek.com,3/22/1985,3
580,Timmy,Clemot,tclemotg3@privacy.gov.au,10/11/1984,2
581,Howie,Checo,hchecog4@seesaa.net,5/15/1995,4
582,Alwin,Ogers,aogersg5@imageshack.us,6/4/2000,1
583,Therese,Grisdale,tgrisdaleg6@infoseek.co.jp,8/4/1999,1
584,Alexio,Westover,awestoverg7@amazonaws.com,11/7/1996,3
585,David,Storek,dstorekg8@usnews.com,5/11/1998,1
586,Nickolas,Kingscott,nkingscottg9@purevolume.com,9/9/1999,5
587,Josie,Benian,jbenianga@un.org,6/18/1988,2
588,Deena,McCallam,dmccallamgb@springer.com,5/9/2004,5
589,Shirlene,Backes,sbackesgc@businesswire.com,5/21/1985,3
590,Cornelle,Youll,cyoullgd@t-online.de,5/6/2001,3
591,Sonnie,Kedge,skedgege@ovh.net,1/24/1987,2
592,Philippine,Juliano,pjulianogf@prnewswire.com,10/4/2004,2
593,Claudius,Dorning,cdorninggg@harvard.edu,3/19/1977,2
594,Vance,Shovlar,vshovlargh@princeton.edu,4/14/1983,4
595,Flem,Elliston,fellistongi@latimes.com,10/20/2002,2
596,Eamon,Giacomo,egiacomogj@stumbleupon.com,3/9/1986,5
597,Hill,Crookall,hcrookallgk@jalbum.net,8/23/1992,1
598,Cullen,Armour,carmourgl@washingtonpost.com,2/15/1991,5
599,Annadiana,Habbershon,ahabbershongm@ifeng.com,10/6/1988,1
600,Walt,Rainville,wrainvillegn@newyorker.com,2/28/1983,5
601,Charyl,Sign,csigngo@redcross.org,12/21/1975,2
602,Josias,Plevin,jplevingp@furl.net,7/1/1978,1
603,Kizzee,Bover,kbovergq@canalblog.com,12/23/1991,4
604,Leonore,Alman,lalmangr@parallels.com,7/29/1983,3
605,Zolly,Lineen,zlineengs@addthis.com,5/16/1982,2
606,Farris,Milburn,fmilburngt@liveinternet.ru,7/17/1987,1
607,Roxi,Peregrine,rperegrinegu@mac.com,5/17/1983,4
608,Brenden,Godbald,bgodbaldgv@cpanel.net,9/24/1984,2
609,Sandie,Kings,skingsgw@jimdo.com,9/29/1995,2
610,Vidovic,Ambrosi,vambrosigx@indiatimes.com,10/15/1981,4
611,Butch,Artis,bartisgy@ftc.gov,12/31/1975,4
612,Seamus,Reimer,sreimergz@amazon.co.jp,12/2/1985,4
613,Maury,Macieiczyk,mmacieiczykh0@google.nl,2/3/1993,4
614,Siobhan,Dolle,sdolleh1@ow.ly,11/7/1979,1
615,Daphne,Monni,dmonnih2@tuttocitta.it,12/11/1982,3
616,Fraser,Laughlan,flaughlanh3@hc360.com,6/18/1992,2
617,Hakeem,Rusling,hruslingh4@lycos.com,11/28/1993,3
618,Marten,Jeroch,mjerochh5@google.de,1/29/1984,1
619,Jarid,Goodee,jgoodeeh6@utexas.edu,10/19/1991,3
620,Dav,Kennelly,dkennellyh7@examiner.com,1/26/1992,3
621,Gerrie,Gaskell,ggaskellh8@craigslist.org,5/7/1988,3
622,Jennilee,Cominetti,jcominettih9@live.com,10/18/1984,5
623,Adriane,Gilstin,agilstinha@java.com,10/7/1994,1
624,Tamarah,Blunsen,tblunsenhb@oracle.com,3/22/1980,2
625,Addy,Lalonde,alalondehc@abc.net.au,8/18/1994,3
626,Seumas,Dawks,sdawkshd@printfriendly.com,3/11/1994,3
627,Annaliese,Henningham,ahenninghamhe@oakley.com,11/8/1988,1
628,Hermione,MacKeever,hmackeeverhf@goodreads.com,1/16/1981,1
629,Giana,Hunnam,ghunnamhg@imgur.com,1/19/1994,1
630,Karen,Macbeth,kmacbethhh@cornell.edu,7/6/1988,3
631,Goldarina,Peer,gpeerhi@eepurl.com,11/14/1991,3
632,Thorin,Saunderson,tsaundersonhj@mit.edu,9/22/1979,5
633,Gaylene,Duffett,gduffetthk@illinois.edu,10/4/2003,3
634,Annabel,Vynehall,avynehallhl@cnn.com,10/18/2002,1
635,Augustina,Cridlon,acridlonhm@1und1.de,3/19/1997,2
636,Wolfy,Templman,wtemplmanhn@chronoengine.com,6/9/1989,5
637,Mathilde,Easby,measbyho@ustream.tv,10/2/1976,4
638,Nat,Cicconetti,ncicconettihp@seesaa.net,6/28/1983,1
639,Gauthier,Brazelton,gbrazeltonhq@a8.net,7/27/2001,3
640,Kimberlee,Giannazzo,kgiannazzohr@desdev.cn,5/2/1995,4
641,Buddy,Perello,bperellohs@wikimedia.org,6/18/1983,1
642,Darla,Raigatt,draigattht@miitbeian.gov.cn,10/18/2001,1
643,Clemens,Digby,cdigbyhu@free.fr,3/28/1983,2
644,Glory,Fidgin,gfidginhv@alibaba.com,12/12/1988,3
645,Valeria,Flooks,vflookshw@prlog.org,10/4/2004,3
646,Jarrod,Konig,jkonighx@businessinsider.com,8/14/1993,2
647,Artemis,Chave,achavehy@dailymotion.com,8/1/1991,1
648,Anatola,Muehler,amuehlerhz@unblog.fr,6/2/1983,4
649,Ilysa,Cheater,icheateri0@surveymonkey.com,10/13/2004,3
650,Kahaleel,Robichon,krobichoni1@dell.com,7/12/1997,4
651,Sharai,Cardinale,scardinalei2@amazonaws.com,2/22/1977,3
652,Nestor,Ticehurst,nticehursti3@quantcast.com,2/21/1995,2
653,Elset,Stanfield,estanfieldi4@kickstarter.com,5/22/1979,5
654,Shea,Artois,sartoisi5@digg.com,12/5/1983,5
655,Rhodia,Henriquet,rhenriqueti6@usda.gov,4/28/2000,4
656,Alberta,Benzing,abenzingi7@youtube.com,6/15/1984,2
657,Eulalie,Noar,enoari8@indiatimes.com,10/12/1989,2
658,Silvana,McKerrow,smckerrowi9@auda.org.au,2/28/1977,3
659,Kellen,Jaeggi,kjaeggiia@photobucket.com,3/22/1985,5
660,Craig,Harrington,charringtonib@prnewswire.com,2/9/1982,2
661,Dur,Veysey,dveyseyic@thetimes.co.uk,2/26/1992,5
662,Jamal,Sanpere,jsanpereid@twitpic.com,1/15/2001,4
663,Jenn,Novotna,jnovotnaie@marriott.com,10/1/1987,1
664,Mindy,Trinder,mtrinderif@bloomberg.com,11/20/1984,5
665,Vyky,Fawlks,vfawlksig@google.com.au,1/22/1978,5
666,Hilde,Kieran,hkieranih@usatoday.com,11/1/1991,4
667,Joleen,Nalder,jnalderii@earthlink.net,11/23/1991,2
668,Dosi,Barette,dbaretteij@xrea.com,12/7/1991,2
669,Oliy,Slee,osleeik@npr.org,1/28/1993,3
670,Darn,Quick,dquickil@flavors.me,9/14/1979,1
671,Justine,Livesay,jlivesayim@seattletimes.com,5/3/1976,3
672,Nickie,Paulsson,npaulssonin@google.com,4/27/1997,1
673,Maryl,Mahaddy,mmahaddyio@miibeian.gov.cn,12/24/1976,5
674,Cecilio,Hacard,chacardip@nymag.com,5/1/1982,2
675,Clarinda,Gerauld,cgerauldiq@arstechnica.com,12/22/1987,5
676,Ron,Gullivan,rgullivanir@netvibes.com,9/1/1978,2
677,Ysabel,Vlasin,yvlasinis@ox.ac.uk,10/22/1989,2
678,Stanislaw,Robillard,srobillardit@imageshack.us,7/31/1994,1
679,Janeczka,Kubach,jkubachiu@zdnet.com,9/6/2002,4
680,Horton,Bockh,hbockhiv@wired.com,6/25/1995,1
681,Ragnar,Lawtey,rlawteyiw@lycos.com,7/7/1997,2
682,Joby,Matejovsky,jmatejovskyix@nymag.com,3/23/1996,3
683,Klarrisa,Wray,kwrayiy@behance.net,4/19/1982,4
684,Hew,Farragher,hfarragheriz@istockphoto.com,5/15/2005,2
685,Hedi,Luchetti,hluchettij0@arstechnica.com,2/6/1976,2
686,Ikey,McGurgan,imcgurganj1@theguardian.com,7/8/1977,3
687,Riley,Buckle,rbucklej2@webs.com,4/21/2000,1
688,Maggy,Quinn,mquinnj3@bandcamp.com,11/17/1984,4
689,Kerrill,Goodman,kgoodmanj4@ucoz.ru,6/29/1982,1
690,Luca,Scaddon,lscaddonj5@addtoany.com,11/7/1994,1
691,Lou,Paydon,lpaydonj6@sphinn.com,4/18/1977,3
692,Vernon,Kubelka,vkubelkaj7@wikia.com,12/8/2004,3
693,Palmer,Tomadoni,ptomadonij8@storify.com,1/1/1986,4
694,Anitra,Doughill,adoughillj9@opera.com,8/6/1980,1
695,Brant,McGaugey,bmcgaugeyja@mozilla.com,8/27/1993,5
696,Suzann,Daens,sdaensjb@ebay.com,12/2/1990,5
697,Court,Vardie,cvardiejc@digg.com,2/20/2000,2
698,Leif,MacCrachen,lmaccrachenjd@w3.org,9/5/1994,2
699,Torrey,Askell,taskellje@sohu.com,7/15/2003,2
700,Raimundo,Libbis,rlibbisjf@dot.gov,3/18/1978,3
701,Luciana,Jaulme,ljaulmejg@stanford.edu,11/1/1989,5
702,Patrizia,Felderer,pfeldererjh@hubpages.com,2/4/1993,4
703,Konstantine,Joplin,kjoplinji@ustream.tv,10/31/1993,5
704,Kyle,Tudor,ktudorjj@kickstarter.com,10/15/1989,1
705,Beatrix,Gregersen,bgregersenjk@intel.com,9/5/1991,5
706,Bernice,Chewter,bchewterjl@sohu.com,11/15/2000,2
707,Reba,Elmes,relmesjm@oracle.com,9/18/2001,1
708,Holden,Brinsden,hbrinsdenjn@squidoo.com,2/2/1982,5
709,Kylen,Duthie,kduthiejo@free.fr,2/4/2005,1
710,Vincent,Beresford,vberesfordjp@sbwire.com,8/13/1976,5
711,Nathalie,Forsdike,nforsdikejq@earthlink.net,4/18/1999,3
712,Bill,Saberton,bsabertonjr@fema.gov,6/16/1995,3
713,Barney,Faires,bfairesjs@cdbaby.com,7/7/1997,3
714,Brennen,O'Driscole,bodriscolejt@mail.ru,12/10/1986,3
715,Martyn,Adamiak,madamiakju@cnn.com,11/7/1995,2
716,Si,Wistance,swistancejv@seattletimes.com,6/26/1983,1
717,Remington,Percifull,rpercifulljw@guardian.co.uk,6/30/1979,3
718,Hillard,Rous,hrousjx@163.com,1/23/2005,4
719,Reginald,Dragonette,rdragonettejy@livejournal.com,12/22/1989,1
720,Andonis,Bennison,abennisonjz@pinterest.com,1/31/1988,2
721,Winifield,Oldfield-Cherry,woldfieldcherryk0@globo.com,12/25/1976,1
722,Burk,Wheway,bwhewayk1@163.com,5/16/1988,3
723,Jarib,Taynton,jtayntonk2@jigsy.com,8/2/1996,3
724,Lorita,Pittway,lpittwayk3@businessinsider.com,8/23/1995,4
725,Dara,Corday,dcordayk4@businessinsider.com,8/18/2001,2
726,Katherine,Schukraft,kschukraftk5@hao123.com,10/10/1985,2
727,Carlos,Gori,cgorik6@newsvine.com,11/19/1981,2
728,Janna,Paige,jpaigek7@prlog.org,5/13/2004,3
729,Ken,Adamczyk,kadamczykk8@ca.gov,8/28/2000,1
730,Titos,Shinner,tshinnerk9@wikia.com,3/23/2002,2
731,Enoch,Albert,ealbertka@nih.gov,11/8/1989,5
732,Ceciley,Wight,cwightkb@parallels.com,10/13/1992,2
733,Sarette,Razzell,srazzellkc@list-manage.com,7/7/1981,5
734,Elinore,Amburgy,eamburgykd@gravatar.com,5/23/1987,1
735,Jaquelyn,Wagen,jwagenke@parallels.com,11/22/2001,1
736,Elli,Mieville,emievillekf@ibm.com,11/6/1976,4
737,Geraldine,Tomney,gtomneykg@etsy.com,8/7/1984,5
738,Willabella,Fluit,wfluitkh@ftc.gov,10/1/1990,1
739,Tuckie,Snoddy,tsnoddyki@google.cn,12/12/1988,2
740,Rochell,Echallie,rechalliekj@yelp.com,5/8/2005,1
741,Wayland,Cosbey,wcosbeykk@prweb.com,5/23/1997,5
742,Viviene,Gantlett,vgantlettkl@infoseek.co.jp,11/3/1995,4
743,Georas,Betonia,gbetoniakm@mit.edu,7/8/1981,5
744,Flossie,Dyble,fdyblekn@jalbum.net,4/22/1991,3
745,Palm,Bridgnell,pbridgnellko@themeforest.net,12/23/2000,4
746,Seka,Tadlow,stadlowkp@walmart.com,1/31/1999,4
747,Nicolis,McCole,nmccolekq@dagondesign.com,1/15/1997,2
748,Liane,Maggorini,lmaggorinikr@photobucket.com,6/28/1985,1
749,Kathlin,Twitching,ktwitchingks@xing.com,9/13/1990,5
750,Ansell,Radoux,aradouxkt@howstuffworks.com,8/23/1996,5
751,Agathe,Woollam,awoollamku@mozilla.org,3/30/2005,4
752,Ddene,Dalloway,ddallowaykv@blinklist.com,11/27/1991,2
753,Kat,Dublin,kdublinkw@google.de,12/29/1993,2
754,Francene,Lathaye,flathayekx@house.gov,8/9/1994,5
755,Lurlene,Gaitskell,lgaitskellky@gizmodo.com,1/12/1976,5
756,Cary,D'Abbot-Doyle,cdabbotdoylekz@vk.com,6/12/1989,1
757,Kimmie,Noirel,knoirell0@purevolume.com,6/28/1981,2
758,Eldin,Gavaran,egavaranl1@tinypic.com,1/10/1995,2
759,Con,Jansik,cjansikl2@mashable.com,10/6/2003,5
760,Nana,McNaughton,nmcnaughtonl3@princeton.edu,7/27/2005,4
761,Rosalie,Osment,rosmentl4@army.mil,11/23/1989,2
762,Burnaby,Chellam,bchellaml5@nyu.edu,9/17/1981,5
763,Delmor,Fishpoole,dfishpoolel6@amazon.co.jp,12/18/2003,1
764,Pietra,Milsom,pmilsoml7@marketwatch.com,5/30/2002,4
765,Lane,Fawkes,lfawkesl8@apple.com,11/29/2004,5
766,Forest,Maffin,fmaffinl9@shop-pro.jp,10/29/1982,5
767,Freida,Joll,fjollla@soundcloud.com,10/31/1984,4
768,Alanah,Dudderidge,adudderidgelb@ox.ac.uk,11/26/2003,1
769,Sven,Tarbet,starbetlc@istockphoto.com,9/28/2003,2
770,Karlens,Downton,kdowntonld@prweb.com,4/5/1997,1
771,Herman,Gatchell,hgatchellle@discuz.net,6/4/1979,2
772,Benson,Janout,bjanoutlf@earthlink.net,11/24/1985,2
773,Lynnea,John,ljohnlg@webs.com,5/15/1988,5
774,Margaux,Kettlesing,mkettlesinglh@bloglovin.com,2/10/1991,3
775,Perice,Beneyto,pbeneytoli@cbsnews.com,12/9/1977,5
776,Benni,Curado,bcuradolj@webeden.co.uk,5/20/2000,1
777,Cele,Lydiatt,clydiattlk@phpbb.com,2/27/1990,2
778,Hilton,Kikke,hkikkell@de.vu,12/7/1998,1
779,Tyne,Petford,tpetfordlm@csmonitor.com,3/20/1984,2
780,Carl,McCurt,cmccurtln@cornell.edu,1/26/1993,1
781,Adeline,Bundy,abundylo@tamu.edu,5/5/1983,3
782,Valina,McNern,vmcnernlp@weather.com,8/10/2003,4
783,Kevon,Bilovsky,kbilovskylq@examiner.com,2/14/1986,2
784,Ashla,Verecker,avereckerlr@unesco.org,6/6/1979,5
785,Cori,Gresser,cgresserls@census.gov,8/22/2000,4
786,Denis,Pieter,dpieterlt@hostgator.com,1/11/1982,5
787,Shelia,Hacquel,shacquellu@cloudflare.com,4/1/1986,5
788,Kenyon,Keaysell,kkeayselllv@cornell.edu,2/2/1994,3
789,Moritz,Iglesiaz,miglesiazlw@chronoengine.com,11/5/1983,4
790,Romola,Cridlin,rcridlinlx@unc.edu,4/11/1979,3
791,Frans,Lonsbrough,flonsbroughly@taobao.com,6/27/2003,1
792,Rosabella,Shapcote,rshapcotelz@prweb.com,4/20/1993,4
793,Ring,Duffell,rduffellm0@hao123.com,11/24/1987,4
794,Dew,Marchbank,dmarchbankm1@e-recht24.de,9/27/1978,4
795,Victor,Idiens,vidiensm2@theatlantic.com,4/13/1986,3
796,Enos,Atwel,eatwelm3@mozilla.com,6/26/1988,5
797,Oberon,Redwall,oredwallm4@wikispaces.com,5/14/1998,1
798,Rollie,Padfield,rpadfieldm5@un.org,8/10/1985,3
799,Ansel,Hartnup,ahartnupm6@ucoz.com,2/10/1983,1
800,Vivian,Butler-Bowdon,vbutlerbowdonm7@psu.edu,2/23/2004,5
801,Morly,Sekulla,msekullam8@w3.org,9/27/1988,3
802,Eliza,Izard,eizardm9@illinois.edu,12/16/1986,4
803,Si,Ternault,sternaultma@webs.com,1/29/1981,2
804,Jewel,Doud,jdoudmb@nbcnews.com,8/4/1985,2
805,Angel,Vellden,avelldenmc@bigcartel.com,2/15/1985,3
806,Meagan,Fasler,mfaslermd@foxnews.com,12/30/1982,5
807,Patrica,Foskett,pfoskettme@nifty.com,6/30/1981,3
808,Keelby,Sconce,ksconcemf@bbc.co.uk,5/11/1983,4
809,Jefferson,Serraillier,jserrailliermg@google.nl,5/22/2005,1
810,Jocelin,Phelit,jphelitmh@go.com,5/3/1987,5
811,Edd,Simmell,esimmellmi@mashable.com,8/3/1983,2
812,Willie,Mulrooney,wmulrooneymj@facebook.com,5/2/1998,1
813,Corabella,Tortis,ctortismk@rambler.ru,7/26/1990,1
814,Eve,Radborn,eradbornml@washington.edu,9/7/1989,3
815,Tomlin,Ivermee,tivermeemm@google.com.hk,9/11/1980,1
816,Alayne,Tossell,atossellmn@mashable.com,10/11/1997,1
817,Rachel,Moseby,rmosebymo@mayoclinic.com,8/5/2003,4
818,Emery,Spoors,espoorsmp@phpbb.com,3/29/1976,5
819,Fransisco,Grint,fgrintmq@creativecommons.org,11/25/2003,1
820,Nevil,Macoun,nmacounmr@imgur.com,6/12/1983,5
821,Angelia,Crannage,acrannagems@google.pl,1/22/1995,2
822,Lexy,Bilbrook,lbilbrookmt@dropbox.com,9/6/1992,4
823,Kore,Mulkerrins,kmulkerrinsmu@canalblog.com,4/19/2003,3
824,Helen,Robertis,hrobertismv@addtoany.com,3/27/1991,4
825,Hans,Tatnell,htatnellmw@biglobe.ne.jp,12/31/2000,3
826,Kennedy,Latchford,klatchfordmx@uiuc.edu,10/19/1976,2
827,Winona,Lyddyard,wlyddyardmy@clickbank.net,10/6/1981,4
828,Hilton,Hulland,hhullandmz@cbc.ca,2/25/1980,5
829,Ediva,Herity,eherityn0@w3.org,11/5/1980,5
830,Whitaker,Jobbing,wjobbingn1@rakuten.co.jp,9/8/1987,2
831,Vanny,De Clairmont,vdeclairmontn2@icio.us,7/21/1998,1
832,Myrtice,Mansion,mmansionn3@whitehouse.gov,6/7/2001,3
833,Milissent,Pantridge,mpantridgen4@blinklist.com,8/22/2003,1
834,Marlene,MacCallum,mmaccallumn5@businesswire.com,8/14/1990,4
835,Iago,Byrde,ibyrden6@vistaprint.com,1/31/1976,4
836,Bridgette,Reisenstein,breisensteinn7@gov.uk,1/15/1994,2
837,Henrie,Mallan,hmallann8@msu.edu,5/13/1998,5
838,Peggie,Wain,pwainn9@deviantart.com,6/20/1998,1
839,Sybyl,Newlan,snewlanna@networkadvertising.org,8/28/1978,4
840,Cobb,Allpress,callpressnb@last.fm,4/28/2005,3
841,Yehudi,Baulk,ybaulknc@privacy.gov.au,2/21/1987,4
842,Currey,Lemerie,clemeriend@moonfruit.com,10/6/1977,4
843,Rodney,Klimek,rklimekne@wp.com,12/17/1984,3
844,Angel,Tremouille,atremouillenf@webs.com,8/8/1995,4
845,Johanna,Kittoe,jkittoeng@goo.ne.jp,10/10/1987,5
846,Jed,Livesley,jlivesleynh@parallels.com,6/23/1993,5
847,Netty,Pizzey,npizzeyni@cbsnews.com,6/28/2005,3
848,Sacha,Caurah,scaurahnj@timesonline.co.uk,5/31/2002,2
849,Jedediah,Penke,jpenkenk@free.fr,2/13/1998,2
850,Kettie,MacCartney,kmaccartneynl@biblegateway.com,11/15/1981,1
851,Elizabeth,Deetlof,edeetlofnm@miibeian.gov.cn,9/30/2002,1
852,Lucinda,Dunnaway,ldunnawaynn@upenn.edu,11/29/1978,1
853,Elroy,Eyers,eeyersno@tumblr.com,12/12/2003,2
854,Donni,Trevascus,dtrevascusnp@w3.org,4/18/1996,4
855,Caz,Stansall,cstansallnq@webmd.com,11/10/1991,4
856,Fidel,Wakenshaw,fwakenshawnr@devhub.com,5/26/1991,1
857,Boyce,Barabisch,bbarabischns@wikipedia.org,3/30/1979,5
858,Leoine,Ummfrey,lummfreynt@feedburner.com,12/26/2001,2
859,Anton,McLewd,amclewdnu@disqus.com,7/31/1999,1
860,Mei,Hacquel,mhacquelnv@usda.gov,12/11/1980,1
861,Gerta,Nicolson,gnicolsonnw@samsung.com,6/12/1976,3
862,Frederigo,McDowell,fmcdowellnx@t.co,11/3/1981,4
863,Katina,Cornfield,kcornfieldny@state.tx.us,1/28/2001,5
864,Fawn,Lonsdale,flonsdalenz@prweb.com,9/6/1976,1
865,Shayne,Bucknall,sbucknallo0@google.es,11/6/2002,2
866,Dulcia,Edlington,dedlingtono1@businesswire.com,10/24/1983,3
867,Erroll,Creighton,ecreightono2@istockphoto.com,4/25/1979,3
868,Ondrea,Sooley,osooleyo3@ed.gov,10/2/1981,2
869,Sarene,Goucher,sgouchero4@usgs.gov,9/29/1993,1
870,Renard,Meechan,rmeechano5@mapquest.com,2/13/1999,2
871,Ingeborg,Van der Veldt,ivanderveldto6@accuweather.com,8/21/1990,4
872,Nickolai,Salmond,nsalmondo7@etsy.com,3/6/1999,1
873,Dale,Limbrick,dlimbricko8@virginia.edu,5/25/1996,5
874,Tallou,Charopen,tcharopeno9@sogou.com,10/9/2004,5
875,Lambert,Lenton,llentonoa@alexa.com,9/25/1999,5
876,Lezley,Dominguez,ldominguezob@prnewswire.com,9/17/1995,1
877,Angelo,Glidden,agliddenoc@google.nl,9/19/1985,1
878,Henrik,Anglish,hanglishod@usnews.com,10/13/1978,3
879,Tito,Hustings,thustingsoe@chicagotribune.com,12/1/1992,2
880,Loree,Vazquez,lvazquezof@java.com,9/14/1997,4
881,Christopher,Fetherstone,cfetherstoneog@weebly.com,5/31/1997,3
882,Townie,Jepps,tjeppsoh@accuweather.com,9/22/1996,3
883,Bent,Pickrill,bpickrilloi@wired.com,1/9/1991,5
884,Chad,Shoebotham,cshoebothamoj@printfriendly.com,7/21/1997,3
885,Syman,Rickaert,srickaertok@miitbeian.gov.cn,11/10/1981,4
886,Celestina,Yggo,cyggool@histats.com,8/31/1981,4
887,Haskell,Doughartie,hdoughartieom@hao123.com,2/11/1979,5
888,Bogey,Quantrell,bquantrellon@npr.org,4/13/1998,1
889,Eva,Louden,eloudenoo@ebay.com,10/11/1996,3
890,Sibylle,Forre,sforreop@privacy.gov.au,8/28/1986,4
891,Basile,Zarfati,bzarfatioq@squidoo.com,8/15/1996,3
892,Cassy,Jewks,cjewksor@admin.ch,5/23/2001,1
893,Kira,Mincher,kmincheros@lycos.com,1/7/2001,2
894,Becka,Meins,bmeinsot@patch.com,8/30/2004,2
895,Bernhard,Cosans,bcosansou@i2i.jp,9/13/1986,5
896,Bondie,Hawtry,bhawtryov@purevolume.com,10/10/1999,4
897,Worthy,Anstie,wanstieow@columbia.edu,5/25/1995,4
898,Gertrudis,Gilleson,ggillesonox@nydailynews.com,1/29/1980,2
899,Jervis,Hardisty,jhardistyoy@1688.com,10/9/1986,4
900,Mendie,MacIlriach,mmacilriachoz@acquirethisname.com,1/8/1979,3
901,Teodoro,Braunlein,tbraunleinp0@fc2.com,4/23/1995,3
902,Justinian,Dellenbrook,jdellenbrookp1@rediff.com,12/11/1995,5
903,Johnnie,Oris,jorisp2@comsenz.com,6/5/2003,3
904,Sibel,Scamaden,sscamadenp3@hostgator.com,6/21/1991,4
905,Vivyanne,Durrant,vdurrantp4@wordpress.org,9/15/1982,3
906,Jacquenette,Ord,jordp5@tuttocitta.it,3/15/1977,1
907,Yurik,McNess,ymcnessp6@harvard.edu,6/24/1988,5
908,Sena,Rofe,srofep7@yelp.com,12/4/1975,2
909,Ira,Lawler,ilawlerp8@ucsd.edu,3/8/1988,3
910,Ezra,Hulance,ehulancep9@spiegel.de,3/10/1993,4
911,Karie,Tysall,ktysallpa@wikimedia.org,3/5/1982,2
912,Lonny,Oglesbee,loglesbeepb@goo.gl,4/25/1988,4
913,Moselle,Mullis,mmullispc@cdbaby.com,6/2/2003,2
914,Kessia,Almeida,kalmeidapd@biblegateway.com,3/18/1983,5
915,Rasia,Cockson,rcocksonpe@live.com,10/11/2000,2
916,Tommie,Iacovazzi,tiacovazzipf@nyu.edu,5/19/1996,2
917,Cindy,Salmond,csalmondpg@1688.com,6/5/1988,3
918,Charis,Loghan,cloghanph@github.com,8/6/1990,3
919,Hakim,Eusden,heusdenpi@dagondesign.com,5/17/2003,1
920,Monro,Titcumb,mtitcumbpj@apple.com,5/30/2004,4
921,Fancie,Yeliashev,fyeliashevpk@telegraph.co.uk,9/12/1985,4
922,Vikki,Millis,vmillispl@dmoz.org,5/27/1981,2
923,Friedrich,Pittendreigh,fpittendreighpm@theglobeandmail.com,1/3/1979,1
924,Scott,Tynan,stynanpn@timesonline.co.uk,1/28/1981,1
925,Lorain,Musgrave,lmusgravepo@simplemachines.org,1/3/1978,2
926,Laura,Pietz,lpietzpp@about.com,2/8/1996,4
927,Kelley,Kimmitt,kkimmittpq@census.gov,12/30/1992,1
928,Lauri,Aberkirder,laberkirderpr@jimdo.com,3/10/1998,4
929,Arabelle,Dalby,adalbyps@theguardian.com,9/20/1987,1
930,Emmi,Dunnan,edunnanpt@gravatar.com,8/23/1980,1
931,Kingsly,Dannehl,kdannehlpu@zimbio.com,3/14/2002,1
932,Kendal,Newell,knewellpv@goo.ne.jp,9/17/1979,5
933,Katrina,Schrieves,kschrievespw@cbc.ca,6/19/1991,4
934,Jamey,Pecht,jpechtpx@paginegialle.it,2/24/2003,4
935,Melinde,MacLardie,mmaclardiepy@dropbox.com,7/24/1993,3
936,Tiebold,Chesterfield,tchesterfieldpz@hhs.gov,10/22/1980,5
937,Lanae,Kinastan,lkinastanq0@dropbox.com,3/6/1982,5
938,Harris,Franciotti,hfranciottiq1@cocolog-nifty.com,9/19/1999,4
939,Taite,McCaskill,tmccaskillq2@posterous.com,7/9/1992,3
940,Tobias,Crassweller,tcrasswellerq3@devhub.com,2/20/1984,3
941,Sibyl,Beere,sbeereq4@businesswire.com,10/26/1978,5
942,Chantal,Tessier,ctessierq5@quantcast.com,8/24/2004,2
943,Ash,Josselsohn,ajosselsohnq6@taobao.com,6/11/1976,1
944,Lauree,Alyutin,lalyutinq7@sciencedirect.com,7/22/1987,2
945,Augustine,Grzegorzewicz,agrzegorzewiczq8@cnet.com,8/27/1984,3
946,Zeb,McKinlay,zmckinlayq9@discuz.net,12/1/2001,1
947,Pieter,Pietrzak,ppietrzakqa@yellowpages.com,6/6/1983,2
948,Vanni,Redwin,vredwinqb@census.gov,6/21/1995,3
949,Karine,Guidi,kguidiqc@jimdo.com,2/13/1981,4
950,Willow,Atter,watterqd@bloglines.com,7/15/1979,4
951,Leicester,Bellefonte,lbellefonteqe@linkedin.com,8/6/1976,3
952,Rosaline,Goldis,rgoldisqf@businessinsider.com,3/29/1993,3
953,Roth,Klimsch,rklimschqg@unc.edu,3/7/1982,3
954,Vonnie,Thurgood,vthurgoodqh@wikia.com,11/24/1977,2
955,Norris,Gerred,ngerredqi@state.tx.us,10/18/1980,4
956,Ringo,Swyer,rswyerqj@auda.org.au,8/6/2001,5
957,Curry,Weich,cweichqk@arstechnica.com,8/31/2002,3
958,Maurene,Schuler,mschulerql@kickstarter.com,3/22/2000,4
959,Paulo,McKibben,pmckibbenqm@seesaa.net,4/19/1988,2
960,Bancroft,Mewton,bmewtonqn@google.de,8/23/1978,2
961,Fidela,Hirtz,fhirtzqo@quantcast.com,4/13/2004,4
962,Thomas,Yves,tyvesqp@foxnews.com,4/12/1997,2
963,Rustin,Dooly,rdoolyqq@examiner.com,3/20/1989,5
964,Dana,Gepson,dgepsonqr@addthis.com,4/24/1990,5
965,Pete,Baudone,pbaudoneqs@un.org,11/4/1977,5
966,Maribelle,Echallier,mechallierqt@chicagotribune.com,5/21/2000,2
967,Sascha,Creswell,screswellqu@dot.gov,8/9/1982,4
968,Verina,Crewdson,vcrewdsonqv@wisc.edu,6/17/2002,1
969,Ethan,Woodyear,ewoodyearqw@usa.gov,3/21/2003,5
970,Mirabel,Garfirth,mgarfirthqx@vkontakte.ru,3/17/1977,4
971,Wanda,McBayne,wmcbayneqy@wiley.com,1/1/1994,2
972,Ashlen,Spilsbury,aspilsburyqz@devhub.com,1/22/1992,2
973,Cirstoforo,Colleford,ccollefordr0@google.ru,5/12/1995,2
974,Walton,Le Pine,wlepiner1@wikia.com,8/19/1979,3
975,Glad,Mazzeo,gmazzeor2@creativecommons.org,2/16/1994,2
976,Lorna,Dregan,ldreganr3@ca.gov,8/20/1996,5
977,Al,Bacchus,abacchusr4@businessweek.com,10/23/1995,5
978,Emmeline,Nathon,enathonr5@bandcamp.com,3/1/1996,4
979,Rolph,Vannar,rvannarr6@statcounter.com,6/2/1987,3
980,Rubia,Weir,rweirr7@baidu.com,3/13/1996,5
981,Theobald,Ruttgers,truttgersr8@elpais.com,8/26/1989,2
982,Kari,Gorick,kgorickr9@123-reg.co.uk,12/30/2004,4
983,Tasha,Colnett,tcolnettra@thetimes.co.uk,12/4/1985,4
984,Devon,Spadollini,dspadollinirb@weather.com,9/21/1985,1
985,Thomasine,Dunican,tdunicanrc@symantec.com,1/19/1996,4
986,Christy,Sworder,csworderrd@ning.com,12/18/1993,2
987,Dari,Braunes,dbraunesre@umich.edu,3/10/1985,4
988,Giusto,Mordan,gmordanrf@youku.com,10/18/1994,1
989,Brice,Glancy,bglancyrg@paypal.com,8/16/1981,4
990,Lefty,McLafferty,lmclaffertyrh@youtube.com,1/23/1993,5
991,Langston,Hackwell,lhackwellri@deliciousdays.com,8/3/2005,5
992,Beverlee,Twohig,btwohigrj@nytimes.com,11/12/1995,4
993,Kerwin,Tander,ktanderrk@domainmarket.com,6/12/1978,3
994,Marguerite,Finby,mfinbyrl@woothemes.com,3/27/1995,2
995,Rona,Ace,racerm@timesonline.co.uk,9/15/1997,5
996,Deanne,Ackers,dackersrn@lycos.com,10/14/1991,2
997,Omero,Cardenosa,ocardenosaro@shareasale.com,2/17/1988,5
998,Lorette,Nolder,lnolderrp@bigcartel.com,12/2/1987,3
999,Brianna,Hussey,bhusseyrq@sakura.ne.jp,5/10/1979,1
1000,Melinde,Clausewitz,mclausewitzrr@drupal.org,10/20/1989,4
